{
    "1": {
        "0": {
            "elapsed_time": 0.0,
            "b_factor": 1.892789260714372,
            "length": 3
        },
        "1": {
            "elapsed_time": 0.020000003278255463,
            "b_factor": 1.9519658865767249,
            "length": 18
        },
        "2": {
            "elapsed_time": 0.019999995827674866,
            "b_factor": 1.7230704347739607,
            "length": 23
        },
        "3": {
            "elapsed_time": 0.17999999970197678,
            "b_factor": 2.1213511329035417,
            "length": 36
        },
        "4": {
            "elapsed_time": 0.10999999940395355,
            "b_factor": 1.6415604656263176,
            "length": 68
        },
        "5": {
            "elapsed_time": 0.7300000041723251,
            "b_factor": 2.450582552137874,
            "length": 36
        },
        "6": {
            "elapsed_time": 0.14000000059604645,
            "b_factor": 2.151772648862764,
            "length": 29
        },
        "7": {
            "elapsed_time": 0.11999999731779099,
            "b_factor": 1.9602759932261073,
            "length": 39
        },
        "8": {
            "elapsed_time": 0.4300000071525574,
            "b_factor": 1.948253859144014,
            "length": 68
        },
        "9": {
            "elapsed_time": 0.28999999910593033,
            "b_factor": 1.8322908460414014,
            "length": 78
        },
        "10": {
            "elapsed_time": 1.3999999985098839,
            "b_factor": 2.227830894840221,
            "length": 67
        },
        "11": {
            "elapsed_time": 0.8200000002980232,
            "b_factor": 2.417116380689663,
            "length": 41
        },
        "12": {
            "elapsed_time": 0.1899999976158142,
            "b_factor": 2.1280840421096987,
            "length": 34
        },
        "13": {
            "elapsed_time": 0.23000000417232513,
            "b_factor": 1.9061753716974699,
            "length": 55
        },
        "14": {
            "elapsed_time": 1.8799999952316284,
            "b_factor": 1.9431545706637292,
            "length": 141
        },
        "15": {
            "elapsed_time": 3.0700000002980232,
            "b_factor": 2.3504779088519303,
            "length": 72
        },
        "16": {
            "elapsed_time": 50.07999999821186,
            "b_factor": 3.5236975268332413,
            "length": 37
        },
        "17": {
            "elapsed_time": 6.829999998211861,
            "b_factor": 2.755565888886649,
            "length": 48
        },
        "18": {
            "elapsed_time": 1.7599999979138374,
            "b_factor": 2.332647432723338,
            "length": 60
        },
        "19": {
            "elapsed_time": 18.770000003278255,
            "b_factor": 2.857406274473861,
            "length": 60
        },
        "20": {
            "elapsed_time": 0.7800000011920929,
            "b_factor": 2.3105723746879314,
            "length": 46
        }
    },
    "10": {
        "0": {
            "elapsed_time": 0.0,
            "b_factor": 1.892789260714372,
            "length": 3
        },
        "1": {
            "elapsed_time": 0.009999997913837433,
            "b_factor": 1.7966397701969123,
            "length": 18
        },
        "2": {
            "elapsed_time": 0.009999997913837433,
            "b_factor": 1.766016419002592,
            "length": 23
        },
        "3": {
            "elapsed_time": 0.12000000476837158,
            "b_factor": 2.184535436881658,
            "length": 28
        },
        "4": {
            "elapsed_time": 0.04999999701976776,
            "b_factor": 1.49018771845076,
            "length": 68
        },
        "5": {
            "elapsed_time": 0.5799999982118607,
            "b_factor": 2.454987778404248,
            "length": 38
        },
        "6": {
            "elapsed_time": 0.06000000238418579,
            "b_factor": 1.9455018702855458,
            "length": 29
        },
        "7": {
            "elapsed_time": 0.06000000238418579,
            "b_factor": 1.921980729913465,
            "length": 33
        },
        "8": {
            "elapsed_time": 0.25999999791383743,
            "b_factor": 1.8745556963381216,
            "length": 64
        },
        "9": {
            "elapsed_time": 0.5200000032782555,
            "b_factor": 1.9958130286871838,
            "length": 72
        },
        "10": {
            "elapsed_time": 0.6499999985098839,
            "b_factor": 2.1061270686893327,
            "length": 65
        },
        "11": {
            "elapsed_time": 0.3100000023841858,
            "b_factor": 2.2192755497387666,
            "length": 41
        },
        "12": {
            "elapsed_time": 0.07999999821186066,
            "b_factor": 1.9568987957623265,
            "length": 34
        },
        "13": {
            "elapsed_time": 0.08999999612569809,
            "b_factor": 1.7318805670302722,
            "length": 55
        },
        "14": {
            "elapsed_time": 1.4400000050663948,
            "b_factor": 1.9298958500027206,
            "length": 141
        },
        "15": {
            "elapsed_time": 2.2999999970197678,
            "b_factor": 2.2171047671737676,
            "length": 72
        },
        "16": {
            "elapsed_time": 21.049999997019768,
            "b_factor": 3.3819270215694823,
            "length": 37
        },
        "17": {
            "elapsed_time": 1.8700000047683716,
            "b_factor": 2.5658698119580565,
            "length": 48
        },
        "18": {
            "elapsed_time": 0.9399999976158142,
            "b_factor": 2.262581032665733,
            "length": 60
        },
        "19": {
            "elapsed_time": 6.700000002980232,
            "b_factor": 2.653099537711174,
            "length": 60
        },
        "20": {
            "elapsed_time": 0.28999999910593033,
            "b_factor": 2.1210881824920396,
            "length": 46
        }
    },
    "100": {
        "0": {
            "elapsed_time": 0.0,
            "b_factor": 1.892789260714372,
            "length": 3
        },
        "1": {
            "elapsed_time": 0.0,
            "b_factor": 1.7686263970685359,
            "length": 18
        },
        "2": {
            "elapsed_time": 0.020000003278255463,
            "b_factor": 1.758392255407549,
            "length": 23
        },
        "3": {
            "elapsed_time": 0.08999999612569809,
            "b_factor": 2.1380675287900703,
            "length": 28
        },
        "4": {
            "elapsed_time": 0.03999999910593033,
            "b_factor": 1.4626589234189658,
            "length": 68
        },
        "5": {
            "elapsed_time": 0.5800000056624413,
            "b_factor": 2.5933731800775077,
            "length": 32
        },
        "6": {
            "elapsed_time": 0.1599999964237213,
            "b_factor": 2.2922504837448363,
            "length": 29
        },
        "7": {
            "elapsed_time": 0.06000000238418579,
            "b_factor": 1.8788695019034853,
            "length": 33
        },
        "8": {
            "elapsed_time": 0.21000000089406967,
            "b_factor": 1.8509847514285263,
            "length": 64
        },
        "9": {
            "elapsed_time": 0.7099999934434891,
            "b_factor": 2.1772919222690756,
            "length": 56
        },
        "10": {
            "elapsed_time": 0.7200000062584877,
            "b_factor": 2.1071406611209613,
            "length": 69
        },
        "11": {
            "elapsed_time": 0.23999999463558197,
            "b_factor": 2.177363076854864,
            "length": 41
        },
        "12": {
            "elapsed_time": 0.09000000357627869,
            "b_factor": 1.9900138099762503,
            "length": 34
        },
        "13": {
            "elapsed_time": 0.06000000238418579,
            "b_factor": 1.7045935336295004,